"Journal Data Filtered By:  Selected Categories: PSYCHOLOGY, MULTIDISCIPLINARY Selected Editions: SCIE;SSCI;AHCI;ESCI Selected JCR Year: 2021 Selected Category Schema: WOS Selected Open Access: N Indicator: Default"

Journal name,JCR Abbreviation,ISSN,eISSN,Category,Total Citations,2021 JIF,JIF Quartile,2021 JCI,% of OA Gold
"Psychological Science in the Public Interest","PSYCHOL SCI PUBL INT","1529-1006","1539-6053","PSYCHOLOGY, MULTIDISCIPLINARY - SSCI","2,781","56.2","Q1","11.44","20"%,
"Annual Review of Psychology","ANNU REV PSYCHOL","0066-4308","1545-2085","PSYCHOLOGY, MULTIDISCIPLINARY - SSCI","30,374","27.782","Q1","3.6","0"%,
"PSYCHOLOGICAL BULLETIN","PSYCHOL BULL","0033-2909","1939-1455","PSYCHOLOGY, MULTIDISCIPLINARY - SSCI","68,919","23.027","Q1","5.54","1.77"%,
"AMERICAN PSYCHOLOGIST","AM PSYCHOL","0003-066X","1935-990X","PSYCHOLOGY, MULTIDISCIPLINARY - SSCI","40,383","16.358","Q1","4.76","0.36"%,
"Advances in Methods and Practices in Psychological Science","ADV METH PRACT PSYCH","2515-2459","2515-2467","PSYCHOLOGY, MULTIDISCIPLINARY - SSCI","2,016","15.817","Q1","4.8","51.61"%,
"Perspectives on Psychological Science","PERSPECT PSYCHOL SCI","1745-6916","1745-6924","PSYCHOLOGY, MULTIDISCIPLINARY - SSCI","17,025","11.621","Q1","3.5","17.61"%,
"PSYCHOLOGICAL METHODS","PSYCHOL METHODS","1082-989X","1939-1463","PSYCHOLOGY, MULTIDISCIPLINARY - SSCI","20,525","10.929","Q1","3.79","0.53"%,
"Qualitative Research in Psychology","QUAL RES PSYCHOL","1478-0887","1478-0895","PSYCHOLOGY, MULTIDISCIPLINARY - SSCI","14,928","10.568","Q1","4.1","9.48"%,
"PSYCHOLOGICAL SCIENCE","PSYCHOL SCI","0956-7976","1467-9280","PSYCHOLOGY, MULTIDISCIPLINARY - SSCI","42,641","10.172","Q1","2.68","20.62"%,
"European Journal of Psychology Applied to Legal Context","EUR J PSYCHOL APPL L","1889-1861","1989-4007","PSYCHOLOGY, MULTIDISCIPLINARY - SSCI","526","9.85","Q1","7.1","100"%,
"COMPUTERS IN HUMAN BEHAVIOR","COMPUT HUM BEHAV","0747-5632","1873-7692","PSYCHOLOGY, MULTIDISCIPLINARY - SSCI","53,712","8.957","Q1","2.59","11.27"%,
"PSYCHOLOGICAL REVIEW","PSYCHOL REV","0033-295X","1939-1471","PSYCHOLOGY, MULTIDISCIPLINARY - SSCI","36,958","8.247","Q1","2.9","3.07"%,
"CURRENT DIRECTIONS IN PSYCHOLOGICAL SCIENCE","CURR DIR PSYCHOL SCI","0963-7214","1467-8721","PSYCHOLOGY, MULTIDISCIPLINARY - SSCI","17,694","7.867","Q1","2.39","18.03"%,
"JOURNAL OF ENVIRONMENTAL PSYCHOLOGY","J ENVIRON PSYCHOL","0272-4944","1522-9610","PSYCHOLOGY, MULTIDISCIPLINARY - SSCI","17,441","7.649","Q1","1.77","22.22"%,
"Emotion Review","EMOT REV","1754-0739","1754-0747","PSYCHOLOGY, MULTIDISCIPLINARY - SSCI","3,923","7.345","Q1","2","12.5"%,
"Current Opinion in Psychology","CURR OPIN PSYCHOL","2352-250X","2352-2518","PSYCHOLOGY, MULTIDISCIPLINARY - SSCI","8,090","6.813","Q1","1.16","11.2"%,
"ENVIRONMENT AND BEHAVIOR","ENVIRON BEHAV","0013-9165","1552-390X","PSYCHOLOGY, MULTIDISCIPLINARY - SSCI","9,422","6.548","Q1","1.75","8.76"%,
"FEMINISM & PSYCHOLOGY","FEM PSYCHOL","0959-3535","1461-7161","PSYCHOLOGY, MULTIDISCIPLINARY - SSCI","1,674","5.833","Q1","1.94","19.75"%,
"PSYCHOLOGICAL INQUIRY","PSYCHOL INQ","1047-840X","1532-7965","PSYCHOLOGY, MULTIDISCIPLINARY - SSCI","7,168","5.581","Q1","1.22","19.44"%,
"Body Image","BODY IMAGE","1740-1445","1873-6807","PSYCHOLOGY, MULTIDISCIPLINARY - SSCI","6,788","5.58","Q1","1.64","8.24"%,
"EUROPEAN PSYCHOLOGIST","EUR PSYCHOL","1016-9040","1878-531X","PSYCHOLOGY, MULTIDISCIPLINARY - SSCI","2,628","5","Q1","1.47","10.71"%,
"BRITISH JOURNAL OF PSYCHOLOGY","BRIT J PSYCHOL","0007-1269","2044-8295","PSYCHOLOGY, MULTIDISCIPLINARY - SSCI","6,286","4.981","Q1","1.39","25.48"%,
"JOURNALS OF GERONTOLOGY SERIES B-PSYCHOLOGICAL SCIENCES AND SOCIAL SCIENCES","J GERONTOL B-PSYCHOL","1079-5014","1758-5368","PSYCHOLOGY, MULTIDISCIPLINARY - SSCI","15,389","4.942","Q1","1.61","13.07"%,
"AGGRESSION AND VIOLENT BEHAVIOR","AGGRESS VIOLENT BEH","1359-1789","1873-6335","PSYCHOLOGY, MULTIDISCIPLINARY - SSCI","7,643","4.874","Q1","1.17","4.29"%,
"ANNALS OF BEHAVIORAL MEDICINE","ANN BEHAV MED","0883-6612","1532-4796","PSYCHOLOGY, MULTIDISCIPLINARY - SSCI","10,072","4.871","Q1","1.62","10.33"%,
"INTERNATIONAL JOURNAL OF HUMAN-COMPUTER STUDIES","INT J HUM-COMPUT ST","1071-5819","1095-9300","PSYCHOLOGY, MULTIDISCIPLINARY - SSCI","6,726","4.866","Q1","1.2","14.5"%,
"Psychology of Sexual Orientation and Gender Diversity","PSYCHOL SEX ORIENTAT","2329-0382","2329-0390","PSYCHOLOGY, MULTIDISCIPLINARY - SSCI","2,292","4.617","Q1","1.24","0"%,
"REVIEW OF GENERAL PSYCHOLOGY","REV GEN PSYCHOL","1089-2680","1939-1552","PSYCHOLOGY, MULTIDISCIPLINARY - SSCI","6,585","4.615","Q1","1.19","17.35"%,
"Psychosocial Intervention","PSYCHOSOC INTERV","1132-0559","2173-4712","PSYCHOLOGY, MULTIDISCIPLINARY - SSCI","889","4.583","Q1","1.47","98.18"%,
"SUICIDE AND LIFE-THREATENING BEHAVIOR","SUICIDE LIFE-THREAT","0363-0234","1943-278X","PSYCHOLOGY, MULTIDISCIPLINARY - SSCI","6,714","4.528","Q1","1.17","6.05"%,
"DEATH STUDIES","DEATH STUD","0748-1187","1091-7683","PSYCHOLOGY, MULTIDISCIPLINARY - SSCI","4,698","4.34","Q1","1.26","8.97"%,
"CANADIAN JOURNAL OF BEHAVIOURAL SCIENCE-REVUE CANADIENNE DES SCIENCES DU COMPORTEMENT","CAN J BEHAV SCI","0008-400X","1879-2669","PSYCHOLOGY, MULTIDISCIPLINARY - SSCI","2,097","4.309","Q1","1.03","0"%,
"PSYCHOLOGY OF WOMEN QUARTERLY","PSYCHOL WOMEN QUART","0361-6843","1471-6402","PSYCHOLOGY, MULTIDISCIPLINARY - SSCI","5,765","4.292","Q1","1.6","9.09"%,
"Journal of Positive Psychology","J POSIT PSYCHOL","1743-9760","1743-9779","PSYCHOLOGY, MULTIDISCIPLINARY - SSCI","6,032","4.29","Q1","1.19","8.14"%,
"Frontiers in Psychology","FRONT PSYCHOL","1664-1078","1664-1078","PSYCHOLOGY, MULTIDISCIPLINARY - SSCI","85,507","4.232","Q1","1.03","99.49"%,
"PSICOTHEMA","PSICOTHEMA","0214-9915","1886-144X","PSYCHOLOGY, MULTIDISCIPLINARY - SSCI","4,988","4.104","Q1","1.26","0"%,
"Journal of Happiness Studies","J HAPPINESS STUD","1389-4978","1573-7780","PSYCHOLOGY, MULTIDISCIPLINARY - SSCI","8,745","4.087","Q1","1.72","21.17"%,
"PSYCHOLOGY OF ADDICTIVE BEHAVIORS","PSYCHOL ADDICT BEHAV","0893-164X","1939-1501","PSYCHOLOGY, MULTIDISCIPLINARY - SSCI","7,153","4.044","Q2","1.14","0.64"%,
"AMERICAN JOURNAL OF COMMUNITY PSYCHOLOGY","AM J COMMUN PSYCHOL","0091-0562","1573-2770","PSYCHOLOGY, MULTIDISCIPLINARY - SSCI","8,773","4.019","Q2","1.2","5.65"%,
"JOURNAL OF PSYCHOLOGY","J PSYCHOL","0022-3980","1940-1019","PSYCHOLOGY, MULTIDISCIPLINARY - SSCI","5,437","4.013","Q2","0.84","6.56"%,
"Psychology Research and Behavior Management","PSYCHOL RES BEHAV MA","1179-1578","1179-1578","PSYCHOLOGY, MULTIDISCIPLINARY - SSCI","2,078","3.974","Q2","0.9","96.03"%,
"PSYCHO-ONCOLOGY","PSYCHO-ONCOLOGY","1057-9249","1099-1611","PSYCHOLOGY, MULTIDISCIPLINARY - SSCI","15,773","3.955","Q2","0.89","14.65"%,
"PSYCHOSOMATIC MEDICINE","PSYCHOSOM MED","0033-3174","1534-7796","PSYCHOLOGY, MULTIDISCIPLINARY - SSCI","14,621","3.864","Q2","0.99","7.17"%,
"ANXIETY STRESS AND COPING","ANXIETY STRESS COPIN","1061-5806","1477-2205","PSYCHOLOGY, MULTIDISCIPLINARY - SSCI","3,798","3.813","Q2","0.88","12.38"%,
"Cyberpsychology-Journal of Psychosocial Research on Cyberspace","CYBERPSYCHOLOGY","1802-7962","1802-7962","PSYCHOLOGY, MULTIDISCIPLINARY - SSCI","856","3.708","Q2","1.14","100"%,
"Psychology of Religion and Spirituality","PSYCHOL RELIG SPIRIT","1941-1022","1943-1562","PSYCHOLOGY, MULTIDISCIPLINARY - SSCI","1,887","3.673","Q2","4","0"%,
"INTELLIGENCE","INTELLIGENCE","0160-2896","1873-7935","PSYCHOLOGY, MULTIDISCIPLINARY - SSCI","5,469","3.613","Q2","0.99","14.02"%,
"Crisis-The Journal of Crisis Intervention and Suicide Prevention","CRISIS","0227-5910","2151-2396","PSYCHOLOGY, MULTIDISCIPLINARY - SSCI","2,756","3.591","Q2","0.81","2.9"%,
"JOURNAL OF GAMBLING STUDIES","J GAMBL STUD","1050-5350","1573-3602","PSYCHOLOGY, MULTIDISCIPLINARY - SSCI","3,988","3.396","Q2","0.96","22.7"%,
"PSYCHOLOGY & HEALTH","PSYCHOL HEALTH","0887-0446","1476-8321","PSYCHOLOGY, MULTIDISCIPLINARY - SSCI","7,854","3.358","Q2","0.91","15.22"%,
"PSYCHOLOGY PUBLIC POLICY AND LAW","PSYCHOL PUBLIC POL L","1076-8971","1939-1528","PSYCHOLOGY, MULTIDISCIPLINARY - SSCI","2,061","3.317","Q2","1.89","0"%,
"Motivation Science","MOTIV SCI","2333-8113","2333-8121","PSYCHOLOGY, MULTIDISCIPLINARY - SSCI","636","3.243","Q2","1.04","0"%,
"JOURNAL OF REPRODUCTIVE AND INFANT PSYCHOLOGY","J REPROD INFANT PSYC","0264-6838","1469-672X","PSYCHOLOGY, MULTIDISCIPLINARY - SSCI","1,962","3.207","Q2","0.72","5.79"%,
"Journal of Intelligence","J INTELL-BASEL","N/A","2079-3200","PSYCHOLOGY, MULTIDISCIPLINARY - SSCI","713","3.176","Q2","0.72","95.37"%,
"NEUROBIOLOGY OF LEARNING AND MEMORY","NEUROBIOL LEARN MEM","1074-7427","1095-9564","PSYCHOLOGY, MULTIDISCIPLINARY - SSCI","8,286","3.109","Q2","0.88","12.74"%,
"Collabra-Psychology","COLLABRA-PSYCHOL","2474-7394","2474-7394","PSYCHOLOGY, MULTIDISCIPLINARY - SSCI","716","3.098","Q2","0.93","98.41"%,
"AGGRESSIVE BEHAVIOR","AGGRESSIVE BEHAV","0096-140X","1098-2337","PSYCHOLOGY, MULTIDISCIPLINARY - SSCI","4,749","3.047","Q2","0.91","16.67"%,
"JOURNAL OF ECONOMIC PSYCHOLOGY","J ECON PSYCHOL","0167-4870","1872-7719","PSYCHOLOGY, MULTIDISCIPLINARY - SSCI","6,666","3","Q2","0.92","9.72"%,
"BEHAVIOR GENETICS","BEHAV GENET","0001-8244","1573-3297","PSYCHOLOGY, MULTIDISCIPLINARY - SSCI","3,507","2.965","Q2","0.88","27.61"%,
"Journal of Latinx Psychology","J LATINX PSYCHOL","2578-8086","2578-8094","PSYCHOLOGY, MULTIDISCIPLINARY - SSCI","156","2.952","Q2","0.76","0"%,
"NEW IDEAS IN PSYCHOLOGY","NEW IDEAS PSYCHOL","0732-118X","1873-3522","PSYCHOLOGY, MULTIDISCIPLINARY - SSCI","1,294","2.927","Q2","0.91","8.16"%,
"Psychology of Popular Media","PSYCHOL POP MEDIA","2689-6567","2689-6575","PSYCHOLOGY, MULTIDISCIPLINARY - SSCI","215","2.9","Q2","1.39","0"%,
"International Journal for the Psychology of Religion","INT J PSYCHOL RELIG","1050-8619","1532-7582","PSYCHOLOGY, MULTIDISCIPLINARY - SSCI","1,335","2.88","Q2","2.83","4.17"%,
"ARCHIVES OF SUICIDE RESEARCH","ARCH SUICIDE RES","1381-1118","1543-6136","PSYCHOLOGY, MULTIDISCIPLINARY - SSCI","2,727","2.833","Q2","0.74","7.1"%,
"Zeitschrift fur Psychologie-Journal of Psychology","Z PSYCHOL","2190-8370","2151-2604","PSYCHOLOGY, MULTIDISCIPLINARY - SSCI","1,250","2.828","Q2","0.76","22.99"%,
"AUSTRALIAN JOURNAL OF PSYCHOLOGY","AUST J PSYCHOL","0004-9530","1742-9536","PSYCHOLOGY, MULTIDISCIPLINARY - SSCI","1,494","2.803","Q2","0.71","3.13"%,
"BioPsychoSocial Medicine","BIOPSYCHOSOC MED","1751-0759","1751-0759","PSYCHOLOGY, MULTIDISCIPLINARY - SSCI","721","2.754","Q2","0.57","100"%,
"CANADIAN PSYCHOLOGY-PSYCHOLOGIE CANADIENNE","CAN PSYCHOL","0708-5591","1878-7304","PSYCHOLOGY, MULTIDISCIPLINARY - SSCI","2,665","2.621","Q2","0.76","0"%,
"Journal of Black Psychology","J BLACK PSYCHOL","0095-7984","1552-4558","PSYCHOLOGY, MULTIDISCIPLINARY - SSCI","1,845","2.608","Q2","0.81","1.22"%,
"OMEGA-JOURNAL OF DEATH AND DYING","OMEGA-J DEATH DYING","0030-2228","1541-3764","PSYCHOLOGY, MULTIDISCIPLINARY - SSCI","2,764","2.602","Q2","0.62","10.25"%,
"BMC Psychology","BMC PSYCHOL","N/A","2050-7283","PSYCHOLOGY, MULTIDISCIPLINARY - SSCI","2,040","2.588","Q2","0.78","94.76"%,
"Judgment and Decision Making","JUDGM DECIS MAK","1930-2975","1930-2975","PSYCHOLOGY, MULTIDISCIPLINARY - SSCI","3,607","2.5","Q2","0.82","0"%,
"JOURNAL OF HOMOSEXUALITY","J HOMOSEXUAL","0091-8369","1540-3602","PSYCHOLOGY, MULTIDISCIPLINARY - SSCI","5,210","2.496","Q2","1.11","3.48"%,
"CURRENT PSYCHOLOGY","CURR PSYCHOL","1046-1310","1936-4733","PSYCHOLOGY, MULTIDISCIPLINARY - SSCI","6,617","2.387","Q2","0.73","15.69"%,
"Psychology & Sexuality","PSYCHOL SEX","1941-9899","1941-9902","PSYCHOLOGY, MULTIDISCIPLINARY - SSCI","931","2.344","Q3","0.74","4.19"%,
"Anales de Psicologia","AN PSICOL-SPAIN","0212-9728","1695-2294","PSYCHOLOGY, MULTIDISCIPLINARY - SSCI","2,465","2.325","Q3","0.68","94.48"%,
"JOURNAL OF COMPARATIVE PSYCHOLOGY","J COMP PSYCHOL","0735-7036","1939-2087","PSYCHOLOGY, MULTIDISCIPLINARY - SSCI","3,245","2.318","Q3","0.86","0"%,
"SCANDINAVIAN JOURNAL OF PSYCHOLOGY","SCAND J PSYCHOL","0036-5564","1467-9450","PSYCHOLOGY, MULTIDISCIPLINARY - SSCI","3,985","2.312","Q3","0.76","23.53"%,
"Journal of Media Psychology-Theories Methods and Applications","J MEDIA PSYCHOL-GER","1864-1105","2151-2388","PSYCHOLOGY, MULTIDISCIPLINARY - SSCI","829","2.31","Q3","0.96","3.95"%,
"JOURNAL OF COMMUNITY PSYCHOLOGY","J COMMUNITY PSYCHOL","0090-4392","1520-6629","PSYCHOLOGY, MULTIDISCIPLINARY - SSCI","5,038","2.297","Q3","0.84","4.98"%,
"INTERNATIONAL JOURNAL OF PSYCHOLOGY","INT J PSYCHOL","0020-7594","1464-066X","PSYCHOLOGY, MULTIDISCIPLINARY - SSCI","4,283","2.291","Q3","0.71","10.03"%,
"Behavioral Sciences","BEHAV SCI-BASEL","N/A","2076-328X","PSYCHOLOGY, MULTIDISCIPLINARY - SSCI","2,182","2.286","Q3","0.72","97.27"%,
"AUSTRALIAN PSYCHOLOGIST","AUST PSYCHOL","0005-0067","1742-9544","PSYCHOLOGY, MULTIDISCIPLINARY - SSCI","2,023","2.275","Q3","0.64","2.58"%,
"DREAMING","DREAMING","1053-0797","1573-3351","PSYCHOLOGY, MULTIDISCIPLINARY - SSCI","601","2.212","Q3","0.5","0"%,
"LATERALITY","LATERALITY","1357-650X","1464-0678","PSYCHOLOGY, MULTIDISCIPLINARY - SSCI","1,234","2.167","Q3","0.47","10.74"%,
"ETHICS & BEHAVIOR","ETHICS BEHAV","1050-8422","1532-7019","PSYCHOLOGY, MULTIDISCIPLINARY - SSCI","1,258","2.148","Q3","0.72","3.21"%,
"CREATIVITY RESEARCH JOURNAL","CREATIVITY RES J","1040-0419","1532-6934","PSYCHOLOGY, MULTIDISCIPLINARY - SSCI","3,821","2.032","Q3","0.71","9.35"%,
"JOURNAL OF GENERAL PSYCHOLOGY","J GEN PSYCHOL","0022-1309","1940-0888","PSYCHOLOGY, MULTIDISCIPLINARY - SSCI","1,663","2.014","Q3","0.48","0"%,
"Anuario De Psicologia Juridica","ANU PSICOL JURID","1133-0740","2174-0542","PSYCHOLOGY, MULTIDISCIPLINARY - SSCI","187","1.958","Q3","1.47","97.96"%,
"JOURNAL OF EMOTIONAL AND BEHAVIORAL DISORDERS","J EMOT BEHAV DISORD","1063-4266","1538-4799","PSYCHOLOGY, MULTIDISCIPLINARY - SSCI","1,374","1.889","Q3","0.88","2.82"%,
"AIDS CARE-PSYCHOLOGICAL AND SOCIO-MEDICAL ASPECTS OF AIDS/HIV","AIDS CARE","0954-0121","1360-0451","PSYCHOLOGY, MULTIDISCIPLINARY - SSCI","7,934","1.887","Q3","0.61","7.3"%,
"Journal of Pacific Rim Psychology","J PAC RIM PSYCHOL","1834-4909","1834-4909","PSYCHOLOGY, MULTIDISCIPLINARY - SSCI","356","1.878","Q3","0.52","100"%,
"JOURNAL OF HUMANISTIC PSYCHOLOGY","J HUMANIST PSYCHOL","0022-1678","1552-650X","PSYCHOLOGY, MULTIDISCIPLINARY - SSCI","1,480","1.874","Q3","0.59","7.87"%,
"PROFESSIONAL PSYCHOLOGY-RESEARCH AND PRACTICE","PROF PSYCHOL-RES PR","0735-7028","1939-1323","PSYCHOLOGY, MULTIDISCIPLINARY - SSCI","4,790","1.85","Q3","0.66","0"%,
"Asian American Journal of Psychology","ASIAN AM J PSYCHOL","1948-1985","1948-1993","PSYCHOLOGY, MULTIDISCIPLINARY - SSCI","1,020","1.797","Q3","0.67","0"%,
"PSYCHOLOGICAL REPORTS","PSYCHOL REP","0033-2941","1558-691X","PSYCHOLOGY, MULTIDISCIPLINARY - SSCI","8,980","1.789","Q3","0.6","4.72"%,
"LEGAL AND CRIMINOLOGICAL PSYCHOLOGY","LEGAL CRIMINOL PSYCH","1355-3259","2044-8333","PSYCHOLOGY, MULTIDISCIPLINARY - SSCI","1,027","1.756","Q3","1.41","31.48"%,
"PSYCHOLOGY CRIME & LAW","PSYCHOL CRIME LAW","1068-316X","1477-2744","PSYCHOLOGY, MULTIDISCIPLINARY - SSCI","2,042","1.752","Q3","1.02","10.1"%,
"PSYCHOLOGICA BELGICA","PSYCHOL BELG","0033-2879","0033-2879","PSYCHOLOGY, MULTIDISCIPLINARY - SSCI","718","1.717","Q3","0.39","100"%,
"Psicologia-Reflexao e Critica","PSICOL-REFLEX CRIT","0102-7972","1678-7153","PSYCHOLOGY, MULTIDISCIPLINARY - SSCI","858","1.7","Q3","0.48","98.8"%,
"Empirical Studies of the Arts","EMPIR STUD ARTS","0276-2374","1541-4493","PSYCHOLOGY, MULTIDISCIPLINARY - SSCI","535","1.675","Q3","2.63","13.79"%,
"Psicologia Educativa","PSICOL EDUC","1135-755X","2174-0526","PSYCHOLOGY, MULTIDISCIPLINARY - SSCI","379","1.632","Q3","0.58","97.37"%,
"PHILOSOPHICAL PSYCHOLOGY","PHILOS PSYCHOL","0951-5089","1465-394X","PSYCHOLOGY, MULTIDISCIPLINARY - SSCI","1,573","1.573","Q3","0.51","14.53"%,
"PsyCh Journal","PSYCH J","2046-0252","2046-0260","PSYCHOLOGY, MULTIDISCIPLINARY - SSCI","533","1.559","Q3","0.48","7.83"%,
"THEORY & PSYCHOLOGY","THEOR PSYCHOL","0959-3543","1461-7447","PSYCHOLOGY, MULTIDISCIPLINARY - SSCI","1,639","1.553","Q3","0.62","13.99"%,
"Spanish Journal of Psychology","SPAN J PSYCHOL","1138-7416","1988-2904","PSYCHOLOGY, MULTIDISCIPLINARY - SSCI","2,324","1.526","Q3","0.4","11.32"%,
"DISCOURSE & SOCIETY","DISCOURSE SOC","0957-9265","1460-3624","PSYCHOLOGY, MULTIDISCIPLINARY - SSCI","2,545","1.507","Q3","0.66","16.83"%,
"WOMEN & THERAPY","WOMEN THER","0270-3149","1541-0315","PSYCHOLOGY, MULTIDISCIPLINARY - SSCI","655","1.484","Q3","0.72","1.2"%,
"ANNEE PSYCHOLOGIQUE","ANN PSYCHOL","0003-5033","1955-2580","PSYCHOLOGY, MULTIDISCIPLINARY - SSCI","435","1.469","Q3","0.4","0"%,
"International Review of Research in Developmental Disabilities","INT REV RES DEV DISA","2211-6095","N/A","PSYCHOLOGY, MULTIDISCIPLINARY - SSCI","259","1.462","Q3","0.42","0"%,
"Archive for the Psychology of Religion-Archiv fur Religionspsychologie","ARCH PSYCHOL RELIG","0084-6724","1573-6121","PSYCHOLOGY, MULTIDISCIPLINARY - SSCI","303","1.429","Q3","1.69","9.8"%,
"PSYCHOLOGISCHE RUNDSCHAU","PSYCHOL RUNDSCH","0033-3042","2190-6238","PSYCHOLOGY, MULTIDISCIPLINARY - SSCI","318","1.417","Q4","0.43","6.45"%,
"JOURNAL OF GENETIC PSYCHOLOGY","J GENET PSYCHOL","0022-1325","1940-0896","PSYCHOLOGY, MULTIDISCIPLINARY - SSCI","1,729","1.333","Q4","0.43","2.83"%,
"HUMOR-INTERNATIONAL JOURNAL OF HUMOR RESEARCH","HUMOR","0933-1719","1613-3722","PSYCHOLOGY, MULTIDISCIPLINARY - SSCI","949","1.288","Q4","0.88","4.26"%,
"Journal of Neuroscience Psychology and Economics","J NEUROSCI PSYCHOL E","1937-321X","2151-318X","PSYCHOLOGY, MULTIDISCIPLINARY - SSCI","395","1.28","Q4","0.44","0"%,
"PSYCHOLOGICAL RECORD","PSYCHOL REC","0033-2933","2163-3452","PSYCHOLOGY, MULTIDISCIPLINARY - SSCI","1,777","1.279","Q4","0.46","8.09"%,
"MILITARY PSYCHOLOGY","MIL PSYCHOL","0899-5605","1532-7876","PSYCHOLOGY, MULTIDISCIPLINARY - SSCI","1,331","1.27","Q4","0.37","10.47"%,
"Psychiatry Psychology and Law","PSYCHIAT PSYCHOL LAW","1321-8719","1934-1687","PSYCHOLOGY, MULTIDISCIPLINARY - SSCI","1,036","1.247","Q4","0.6","8.96"%,
"SOUTH AFRICAN JOURNAL OF PSYCHOLOGY","S AFR J PSYCHOL","0081-2463","2078-208X","PSYCHOLOGY, MULTIDISCIPLINARY - SSCI","1,088","1.236","Q4","0.37","5.3"%,
"Psihologija","PSIHOLOGIJA","0048-5705","N/A","PSYCHOLOGY, MULTIDISCIPLINARY - SSCI","380","1.234","Q4","0.42","100"%,
"International Journal of Psychological Research","INT J PSYCHOL RES","2011-7922","2011-2084","PSYCHOLOGY, MULTIDISCIPLINARY - SSCI","711","1.212","Q4","0.29","100"%,
"Nordic Psychology","NORD PSYCHOL","1901-2276","1904-0016","PSYCHOLOGY, MULTIDISCIPLINARY - SSCI","388","1.208","Q4","0.36","35.37"%,
"CULTURE & PSYCHOLOGY","CULT PSYCHOL","1354-067X","1461-7056","PSYCHOLOGY, MULTIDISCIPLINARY - SSCI","941","1.168","Q4","0.42","9.76"%,
"ETHOS","ETHOS","0091-2131","1548-1352","PSYCHOLOGY, MULTIDISCIPLINARY - SSCI","1,300","1.146","Q4","0.54","11.11"%,
"JAPANESE PSYCHOLOGICAL RESEARCH","JPN PSYCHOL RES","0021-5368","1468-5884","PSYCHOLOGY, MULTIDISCIPLINARY - SSCI","774","1.095","Q4","0.39","0"%,
"AMERICAN JOURNAL OF PSYCHOLOGY","AM J PSYCHOL","0002-9556","1939-8298","PSYCHOLOGY, MULTIDISCIPLINARY - SSCI","3,652","1.059","Q4","0.29","0"%,
"SWISS JOURNAL OF PSYCHOLOGY","SWISS J PSYCHOL","1421-0185","1662-0879","PSYCHOLOGY, MULTIDISCIPLINARY - SSCI","526","1.037","Q4","0.38","3.7"%,
"HISPANIC JOURNAL OF BEHAVIORAL SCIENCES","HISPANIC J BEHAV SCI","0739-9863","1552-6364","PSYCHOLOGY, MULTIDISCIPLINARY - SSCI","2,024","1.033","Q4","0.35","1.27"%,
"ZEITSCHRIFT FUR PSYCHOSOMATISCHE MEDIZIN UND PSYCHOTHERAPIE","Z PSYCHOSOM MED PSYC","1438-3608","2196-8349","PSYCHOLOGY, MULTIDISCIPLINARY - SSCI","407","1","Q4","0.67","42.62"%,
"STUDIA PSYCHOLOGICA","STUD PSYCHOL","0039-3320","2585-8815","PSYCHOLOGY, MULTIDISCIPLINARY - SSCI","408","0.953","Q4","0.3","100"%,
"Estudios de Psicologia","ESTUD PSICOL-MADRID","0210-9395","1579-3699","PSYCHOLOGY, MULTIDISCIPLINARY - SSCI","293","0.923","Q4","0.25","0"%,
"Journal of Psychology in Africa","J PSYCHOL AFR","1433-0237","1815-5626","PSYCHOLOGY, MULTIDISCIPLINARY - SSCI","934","0.917","Q4","0.3","0.36"%,
"Journal of Forensic Psychology Research and Practice","J FOREN PSYCHOL RES","2473-2850","2473-2842","PSYCHOLOGY, MULTIDISCIPLINARY - SSCI","118","0.915","Q4","0.4","11.11"%,
"TEACHING OF PSYCHOLOGY","TEACH PSYCHOL","0098-6283","1532-8023","PSYCHOLOGY, MULTIDISCIPLINARY - SSCI","1,738","0.895","Q4","0.45","3.09"%,
"REVISTA LATINOAMERICANA DE PSICOLOGIA","REV LAT AM PSICOL","0120-0534","N/A","PSYCHOLOGY, MULTIDISCIPLINARY - SSCI","644","0.894","Q4","0.3","98.59"%,
"History of Psychology","HIST PSYCHOL","1093-4510","1939-0610","PSYCHOLOGY, MULTIDISCIPLINARY - SSCI","287","0.838","Q4","0.85","0"%,
"JOURNAL OF PSYCHOLOGY AND THEOLOGY","J PSYCHOL THEOL","0091-6471","2328-1162","PSYCHOLOGY, MULTIDISCIPLINARY - SSCI","867","0.82","Q4","0.91","1.08"%,
"REVISTA MEXICANA DE PSICOLOGIA","REV MEX PSICOL","0185-6073","N/A","PSYCHOLOGY, MULTIDISCIPLINARY - SSCI","248","0.636","Q4","0.23","0"%,
"INTERNATIONAL JOURNAL OF SPORT PSYCHOLOGY","INT J SPORT PSYCHOL","0047-0767","N/A","PSYCHOLOGY, MULTIDISCIPLINARY - SSCI","1,315","0.594","Q4","0.2","0"%,
"PSIKHOLOGICHESKII ZHURNAL","PSIKHOL ZH","0205-9592","N/A","PSYCHOLOGY, MULTIDISCIPLINARY - SSCI","446","0.582","Q4","0.17","0"%,
"Universitas Psychologica","UNIV PSYCHOL","1657-9267","N/A","PSYCHOLOGY, MULTIDISCIPLINARY - SSCI","1,084","0.581","Q4","0.12","92.09"%,
"PSYCHOLOGIST","PSYCHOLOGIST","0952-8229","0952-8229","PSYCHOLOGY, MULTIDISCIPLINARY - SSCI","833","0.48","Q4","0.06","0"%,
"Studies in Psychology","STUD PSYCHOL-MADRID","0210-9395","1579-3699","PSYCHOLOGY, MULTIDISCIPLINARY - SSCI","27","0.44","Q4","0.1","1.85"%,
"Psychologie Francaise","PSYCHOL FR","0033-2984","N/A","PSYCHOLOGY, MULTIDISCIPLINARY - SSCI","216","0.367","Q4","0.16","0"%,
"Pratiques Psychologiques","PRAT PSYCHOL","1269-1763","N/A","PSYCHOLOGY, MULTIDISCIPLINARY - SSCI","152","0.333","Q4","0.13","1.59"%,
"PSYCHOLOGIA","PSYCHOLOGIA","0033-2852","1347-5916","PSYCHOLOGY, MULTIDISCIPLINARY - SSCI","327","0.273","Q4","0.11","100"%,
"CESKOSLOVENSKA PSYCHOLOGIE","CESK PSYCHOL","0009-062X","1804-6436","PSYCHOLOGY, MULTIDISCIPLINARY - SSCI","221","0.243","Q4","0.14","26.71"%,
"TURK PSIKOLOJI DERGISI","TURK PSIKOL DERG","1300-4433","1300-4433","PSYCHOLOGY, MULTIDISCIPLINARY - SSCI","433","0.12","Q4","0.06","0"%,
"Suicidology","SUICIDOLOGY","2224-1264","2224-1264","PSYCHOLOGY, MULTIDISCIPLINARY - ESCI","72","N/A","N/A","0.15","100"%,
"Psikhologicheskaya Nauka i Obrazovanie-Psychological Science and Education","PSIKHOL NAUK OBRAZOV","1814-2052","2311-7273","PSYCHOLOGY, MULTIDISCIPLINARY - ESCI","299","N/A","N/A","0.58","100"%,
"Psychologica","PSYCHOLOGICA-COIMBRA","0871-4657","1647-8606","PSYCHOLOGY, MULTIDISCIPLINARY - ESCI","118","N/A","N/A","0.08","95.56"%,
"Ecopsychology","ECOPSYCHOLOGY","1942-9347","1942-9347","PSYCHOLOGY, MULTIDISCIPLINARY - ESCI","652","N/A","N/A","0.6","5.26"%,
"Adultspan Journal","ADULTSPAN J","1524-6817","2161-0029","PSYCHOLOGY, MULTIDISCIPLINARY - ESCI","141","N/A","N/A","0.24","0"%,
"Cogent Psychology","COGENT PSYCHOL","2331-1908","2331-1908","PSYCHOLOGY, MULTIDISCIPLINARY - ESCI","802","N/A","N/A","0.36","99.59"%,
"Accion Psicologica","ACCION PSICOL","1578-908X","2255-1271","PSYCHOLOGY, MULTIDISCIPLINARY - ESCI","185","N/A","N/A","0.09","98.21"%,
"Interdisciplinaria","INTERDISCIPLINARIA","1668-7027","1668-7027","PSYCHOLOGY, MULTIDISCIPLINARY - ESCI","337","N/A","N/A","0.13","80.49"%,
"Psychology and Law","PSYCHOL LAW","2222-5196","2222-5196","PSYCHOLOGY, MULTIDISCIPLINARY - ESCI","109","N/A","N/A","0.14","98.02"%,
"Decision-Washington","DECISION-WASHINGTON","2325-9965","2325-9973","PSYCHOLOGY, MULTIDISCIPLINARY - ESCI","205","N/A","N/A","0.82","5.36"%,
"Pastoral Psychology","PASTOR PSYCHOL","0031-2789","1573-6679","PSYCHOLOGY, MULTIDISCIPLINARY - ESCI","723","N/A","N/A","0.87","8.46"%,
"Pensando Psicologia","PENSANDO PSICOL","1900-3099","2382-3984","PSYCHOLOGY, MULTIDISCIPLINARY - ESCI","32","N/A","N/A","0.05","76.92"%,
"Anuario de Psicologia","ANU PSICOL","0066-5126","1988-5253","PSYCHOLOGY, MULTIDISCIPLINARY - ESCI","215","N/A","N/A","0.14","37.74"%,
"PSYCHOLOGICAL STUDIES","PSYCHOL STUD","0033-2968","0974-9861","PSYCHOLOGY, MULTIDISCIPLINARY - ESCI","573","N/A","N/A","0.25","3.94"%,
"Papeles del Psicologo","PAPEL PSICOL","0214-7823","1886-1415","PSYCHOLOGY, MULTIDISCIPLINARY - ESCI","700","N/A","N/A","0.36","97.33"%,
"Primenjena Psihologija","PRIMENJ PSIHOL","1821-0147","2334-7287","PSYCHOLOGY, MULTIDISCIPLINARY - ESCI","92","N/A","N/A","0.1","81.94"%,
"Revista CES Psicologia","REV CES PSICOL","2011-3080","2011-3080","PSYCHOLOGY, MULTIDISCIPLINARY - ESCI","100","N/A","N/A","0.06","97.83"%,
"Suicidology Online-SOL","SUICIDOL ONLINE-SOL","2078-5488","2078-5488","PSYCHOLOGY, MULTIDISCIPLINARY - ESCI","69","N/A","N/A","0.1","0"%,
"Calidad de Vida y Salud","CALID VIDA SALUD","1850-6216","1850-6216","PSYCHOLOGY, MULTIDISCIPLINARY - ESCI","5","N/A","N/A","0.02","0"%,
"Quadernos de Psicologia","QUAD PSICOL","0211-3481","2014-4520","PSYCHOLOGY, MULTIDISCIPLINARY - ESCI","67","N/A","N/A","0.08","72.73"%,
"Acta Psychologica Sinica","ACTA PSYCHOL SIN","0439-755X","N/A","PSYCHOLOGY, MULTIDISCIPLINARY - ESCI","1,571","N/A","N/A","0.2","1.82"%,
"Journal of Poetry Therapy","J POETRY THER","0889-3675","1567-2344","PSYCHOLOGY, MULTIDISCIPLINARY - ESCI","209","N/A","N/A","0.24","12.7"%,
"Behavior and Social Issues","BEHAV SOC ISSUES","1064-9506","2376-6786","PSYCHOLOGY, MULTIDISCIPLINARY - ESCI","416","N/A","N/A","0.53","4.17"%,
"Revista de Psicologia PUCP","REV PSICOL-LIMA","0254-9247","2223-3733","PSYCHOLOGY, MULTIDISCIPLINARY - ESCI","118","N/A","N/A","0.12","93.83"%,
"Analysis of Verbal Behavior","ANAL VERBAL BEHAV","0889-9401","2196-8926","PSYCHOLOGY, MULTIDISCIPLINARY - ESCI","514","N/A","N/A","0.31","3.64"%,
"Europes Journal of Psychology","EUR J PSYCHOL","1841-0413","1841-0413","PSYCHOLOGY, MULTIDISCIPLINARY - ESCI","1,152","N/A","N/A","0.5","98.33"%,
"International Journal of Play","INT J PLAY","2159-4937","2159-4953","PSYCHOLOGY, MULTIDISCIPLINARY - ESCI","210","N/A","N/A","0.6","22.54"%,
"Psychology Society & Education","PSYCHOL SOC EDUC","2171-2085","1989-709X","PSYCHOLOGY, MULTIDISCIPLINARY - ESCI","247","N/A","N/A","0.25","39.76"%,
"Journal of Muslim Mental Health","J MUSLIM MENT HEALTH","1556-4908","1556-5009","PSYCHOLOGY, MULTIDISCIPLINARY - ESCI","327","N/A","N/A","0.21","100"%,
"Liberabit-Revista de Psicologia","LIBERABIT-LIMA","1729-4827","2223-7666","PSYCHOLOGY, MULTIDISCIPLINARY - ESCI","167","N/A","N/A","0.19","100"%,
"Journal of Cognition and Culture","J COGN CULT","1567-7095","1568-5373","PSYCHOLOGY, MULTIDISCIPLINARY - ESCI","581","N/A","N/A","0.28","8.82"%,
"AMERICAN JOURNAL OF DANCE THERAPY","AM J DANCE THER","0146-3721","1573-3262","PSYCHOLOGY, MULTIDISCIPLINARY - ESCI","262","N/A","N/A","0.32","9.52"%,
"ARQUIVOS BRASILEROS DE PSICOLOGIA","ARQ BRAS PSICOL APL","1809-5267","1809-5267","PSYCHOLOGY, MULTIDISCIPLINARY - ESCI","186","N/A","N/A","0.04","0"%,
"NEW ZEALAND JOURNAL OF PSYCHOLOGY","NEW ZEAL J PSYCHOL","0112-109X","1179-7924","PSYCHOLOGY, MULTIDISCIPLINARY - ESCI","578","N/A","N/A","0.2","0"%,
"Evolutionary Psychological Science","EVOL PSYCHOL SCI","N/A","2198-9885","PSYCHOLOGY, MULTIDISCIPLINARY - ESCI","440","N/A","N/A","0.62","12.59"%,
"Psicologia Conocimiento y Sociedad","PSICOL CONOC SOC","1688-7026","1688-7026","PSYCHOLOGY, MULTIDISCIPLINARY - ESCI","49","N/A","N/A","0.04","81.93"%,
"European Journal of Psychology Open","EUR J PSYCHOL OPEN","2673-8627","2673-8627","PSYCHOLOGY, MULTIDISCIPLINARY - SSCI","7","N/A","N/A","N/A","100"%,
"Psychology and Developing Societies","PSYCHOL DEV SOC","0971-3336","0973-0761","PSYCHOLOGY, MULTIDISCIPLINARY - ESCI","304","N/A","N/A","0.26","7.89"%,
"Review of Philosophy and Psychology","REV PHILOS PSYCHOL","1878-5158","1878-5166","PSYCHOLOGY, MULTIDISCIPLINARY - ESCI","995","N/A","N/A","0.59","42.11"%,
"Revista Costarricense de Psicologia","REV COSTARRIC PSICOL","0257-1439","1659-2913","PSYCHOLOGY, MULTIDISCIPLINARY - ESCI","42","N/A","N/A","0.13","100"%,
"Revista de Historia de la Psicologia","REV HIST PSICOL","N/A","2445-0928","PSYCHOLOGY, MULTIDISCIPLINARY - ESCI","42","N/A","N/A","0.08","90.74"%,
"Diversitas-Perspectivas en Psicologia","DIVERSITAS-PERSP PSI","1794-9998","2256-3067","PSYCHOLOGY, MULTIDISCIPLINARY - ESCI","75","N/A","N/A","0.04","72.86"%,
"Psychology Learning and Teaching-PLAT","PSYCHOL LEARN TEACH-","1475-7257","1475-7257","PSYCHOLOGY, MULTIDISCIPLINARY - ESCI","334","N/A","N/A","0.45","30.16"%,
"Psychology in Russia-State of the Art","PSYCHOL RUSS","2074-6857","2307-2202","PSYCHOLOGY, MULTIDISCIPLINARY - ESCI","255","N/A","N/A","0.22","96.35"%,
"Eureka-Revista Cientifica de Psicologia","EUREKA","2218-0559","2220-9026","PSYCHOLOGY, MULTIDISCIPLINARY - ESCI","85","N/A","N/A","0.01","0"%,
"Human Behavior and Emerging Technologies","HUM BEHAV EMERG TECH","N/A","2578-1863","PSYCHOLOGY, MULTIDISCIPLINARY - ESCI","1,062","N/A","N/A","3.29","47.7"%,
"Psychotherapy and Politics International","PSYCHOTHER POLITICS","1476-9263","1556-9195","PSYCHOLOGY, MULTIDISCIPLINARY - ESCI","86","N/A","N/A","0.08","13.04"%,
"Psicodebate-Psicologia Cultura y Sociedad","PSICODEBATE-PSICOL C","1515-2251","2451-6600","PSYCHOLOGY, MULTIDISCIPLINARY - ESCI","28","N/A","N/A","0.07","100"%,
"ECOS-Estudos Contemporaneos da Subjetividade","ECOS-ESTUD CONTEMP S","2237-941X","2237-941X","PSYCHOLOGY, MULTIDISCIPLINARY - ESCI","4","N/A","N/A","0.01","0"%,
"Revista Iberoamericana de Psicologia y Salud","REV IBEROAM PSICOL S","2171-2069","1989-9246","PSYCHOLOGY, MULTIDISCIPLINARY - ESCI","178","N/A","N/A","0.94","82.76"%,
"Translational Issues in Psychological Science","TRANSL ISS PSYCH SCI","2332-2136","2332-2179","PSYCHOLOGY, MULTIDISCIPLINARY - ESCI","531","N/A","N/A","0.65","0"%,
"Revista Argentina de Ciencias del Comportamiento","REV ARGENT CIENC COM","1852-4206","1852-4206","PSYCHOLOGY, MULTIDISCIPLINARY - ESCI","115","N/A","N/A","0.15","7.94"%,
"Rivista Internazionale di Filosofia e Psicologia","RIV INT FILOS PSICOL","2039-4667","2239-2629","PSYCHOLOGY, MULTIDISCIPLINARY - ESCI","36","N/A","N/A","0.16","0"%,
"Journal of Theoretical and Philosophical Psychology","J THEOR PHILOS PSYCH","1068-8471","2151-3341","PSYCHOLOGY, MULTIDISCIPLINARY - ESCI","320","N/A","N/A","0.6","0"%,
"Psyecology-Revista Bilingue de Psicologia Ambiental","PSYECOLOGY","2171-1976","1989-9386","PSYCHOLOGY, MULTIDISCIPLINARY - ESCI","200","N/A","N/A","0.43","2.22"%,
"Studies in Psychology-Psikoloji Calismalari Dergisi","STUD PSYCHOL-TURKEY","1304-4680","2602-2982","PSYCHOLOGY, MULTIDISCIPLINARY - ESCI","29","N/A","N/A","0.1","96.1"%,
"Psychology-Journal of the Higher School of Economics","PSYCHOL-J HIGH SCH E","1813-8918","1813-8918","PSYCHOLOGY, MULTIDISCIPLINARY - ESCI","205","N/A","N/A","0.14","100"%,
"Journal of Prevention & Intervention in the Community","J PREV INTERV COMMUN","1085-2352","1540-7330","PSYCHOLOGY, MULTIDISCIPLINARY - ESCI","626","N/A","N/A","0.44","1.67"%,
"International Journal of Psychology and Psychological Therapy","INT J PSYCHOL PSYCHO","1577-7057","1989-2780","PSYCHOLOGY, MULTIDISCIPLINARY - ESCI","576","N/A","N/A","0.2","0"%,
"Aloma-Revista de Psicologia Ciencies de l Educacio i de l Esport","ALOMA","1138-3194","2339-9694","PSYCHOLOGY, MULTIDISCIPLINARY - ESCI","135","N/A","N/A","0.3","31.25"%,
"Sibirskiy Psikhologicheskiy Zhurnal-Siberian Journal of Psychology","SIBIRSKIY PSIKHOL ZH","1726-7080","2411-0809","PSYCHOLOGY, MULTIDISCIPLINARY - ESCI","90","N/A","N/A","0.11","0"%,
"Kulturno-Istoricheskaya Psikhologiya-Cultural-Historical Psychology","KULT-ISTOR PSIKHOL","1816-5435","2224-8935","PSYCHOLOGY, MULTIDISCIPLINARY - ESCI","234","N/A","N/A","0.24","100"%,
"PsyArt Journal-Online Journal for the Psychological Study of the Arts","PSYART J","N/A","1088-5870","PSYCHOLOGY, MULTIDISCIPLINARY - ESCI","1","N/A","N/A","0.01","0"%,
"Human Arenas","HUMAN ARENAS","2522-5790","2522-5804","PSYCHOLOGY, MULTIDISCIPLINARY - ESCI","167","N/A","N/A","0.21","15.58"%,

Copyright (c) 2023 Clarivate 
By exporting the selected data; you agree to the data usage policy set forth in the Terms of Use 
